{
  "tp": 450,
  "fp": 294,
  "fn": 300,
  "tn": 6726,
  "precision": 0.6048387096774194,
  "recall": 0.6,
  "f1": 0.6024096385542169,
  "total_rows": 7770,
  "credential_rows": 750,
  "credential_share": 0.09652509652509653,
  "routed_to_credential": 744,
  "routing_rate": 0.09575289575289575,
  "per_corpus": {
    "ai4privacy": {
      "tp": 0,
      "fp": 0,
      "fn": 150,
      "tn": 1050
    },
    "nemotron": {
      "tp": 0,
      "fp": 0,
      "fn": 150,
      "tn": 1800
    },
    "secretbench": {
      "tp": 150,
      "fp": 150,
      "fn": 0,
      "tn": 0
    },
    "gitleaks": {
      "tp": 150,
      "fp": 144,
      "fn": 0,
      "tn": 6
    },
    "detect_secrets": {
      "tp": 150,
      "fp": 0,
      "fn": 0,
      "tn": 150
    },
    "synthetic": {
      "tp": 0,
      "fp": 0,
      "fn": 0,
      "tn": 3720
    }
  },
  "top_misroute_labels": [
    [
      "NEGATIVE",
      294
    ]
  ]
}