{
  "primary": {
    "meta_f1": 0.9552554254218786,
    "live_f1": 0.7680664433001225,
    "delta": 0.18718898212175605,
    "ci_low": 0.16881502677842908,
    "ci_high": 0.2039418181092404,
    "ci_width": 0.03512679133081131,
    "mcnemar": {
      "statistic": 246.50956937799043,
      "pvalue": 0.0,
      "a_only": 370,
      "b_only": 48
    },
    "per_class_meta": [
      [
        "DATE_OF_BIRTH",
        0.7304347826086957,
        72
      ],
      [
        "DATE_OF_BIRTH_EU",
        0.8,
        60
      ],
      [
        "NEGATIVE",
        0.8387096774193549,
        90
      ],
      [
        "BANK_ACCOUNT",
        0.8787878787878788,
        30
      ],
      [
        "CREDENTIAL",
        0.88,
        120
      ],
      [
        "PHONE",
        0.9285714285714286,
        72
      ],
      [
        "VIN",
        0.9456521739130435,
        90
      ],
      [
        "ADDRESS",
        0.9577464788732394,
        72
      ],
      [
        "PERSON_NAME",
        0.9726027397260274,
        72
      ],
      [
        "SSN",
        0.9787234042553191,
        72
      ],
      [
        "ABA_ROUTING",
        0.9863013698630136,
        72
      ],
      [
        "CREDIT_CARD",
        0.9863013698630136,
        72
      ],
      [
        "MAC_ADDRESS",
        0.9882352941176471,
        42
      ],
      [
        "URL",
        0.9882352941176471,
        42
      ],
      [
        "CANADIAN_SIN",
        0.9915966386554622,
        60
      ],
      [
        "IBAN",
        0.9917355371900827,
        60
      ],
      [
        "IP_ADDRESS",
        0.993006993006993,
        72
      ],
      [
        "BITCOIN_ADDRESS",
        1.0,
        60
      ],
      [
        "DEA_NUMBER",
        1.0,
        60
      ],
      [
        "EIN",
        1.0,
        60
      ],
      [
        "EMAIL",
        1.0,
        72
      ],
      [
        "ETHEREUM_ADDRESS",
        1.0,
        60
      ],
      [
        "HEALTH",
        1.0,
        30
      ],
      [
        "MBI",
        1.0,
        60
      ],
      [
        "NPI",
        1.0,
        60
      ],
      [
        "SWIFT_BIC",
        1.0,
        42
      ]
    ],
    "per_class_live": [
      [
        "CREDENTIAL",
        0.0,
        120
      ],
      [
        "HEALTH",
        0.0,
        30
      ],
      [
        "NEGATIVE",
        0.33410672853828305,
        90
      ],
      [
        "DATE_OF_BIRTH_EU",
        0.44155844155844154,
        60
      ],
      [
        "NPI",
        0.631578947368421,
        60
      ],
      [
        "ABA_ROUTING",
        0.6415094339622641,
        72
      ],
      [
        "ADDRESS",
        0.6415094339622641,
        72
      ],
      [
        "PERSON_NAME",
        0.6909090909090909,
        72
      ],
      [
        "BANK_ACCOUNT",
        0.6956521739130435,
        30
      ],
      [
        "PHONE",
        0.7052631578947368,
        72
      ],
      [
        "DATE_OF_BIRTH",
        0.7700534759358288,
        72
      ],
      [
        "CREDIT_CARD",
        0.8571428571428571,
        72
      ],
      [
        "URL",
        0.865979381443299,
        42
      ],
      [
        "SSN",
        0.8888888888888888,
        72
      ],
      [
        "VIN",
        0.9156626506024096,
        90
      ],
      [
        "SWIFT_BIC",
        0.9333333333333333,
        42
      ],
      [
        "EMAIL",
        0.972972972972973,
        72
      ],
      [
        "CANADIAN_SIN",
        0.9836065573770492,
        60
      ],
      [
        "BITCOIN_ADDRESS",
        1.0,
        60
      ],
      [
        "DEA_NUMBER",
        1.0,
        60
      ],
      [
        "EIN",
        1.0,
        60
      ],
      [
        "ETHEREUM_ADDRESS",
        1.0,
        60
      ],
      [
        "IBAN",
        1.0,
        60
      ],
      [
        "IP_ADDRESS",
        1.0,
        72
      ],
      [
        "MAC_ADDRESS",
        1.0,
        42
      ],
      [
        "MBI",
        1.0,
        60
      ]
    ],
    "comparison": {
      "agree": 1220,
      "meta_improvement": 370,
      "live_better": 48,
      "both_wrong": 36
    }
  },
  "tertiary": {
    "meta_f1": 0.9507266022126459,
    "live_f1": 0.6349983898363737,
    "delta": 0.31572821237627224,
    "ci_low": 0.29527210826884176,
    "ci_high": 0.335135522854768,
    "ci_width": 0.03986341458592624,
    "mcnemar": {
      "statistic": 204.9963503649635,
      "pvalue": 0.0,
      "a_only": 256,
      "b_only": 18
    },
    "comparison": {
      "agree": 541,
      "meta_improvement": 256,
      "live_better": 18,
      "both_wrong": 33
    },
    "n_blind": 848
  },
  "loco": {
    "detect_secrets": {
      "n_test": 300,
      "f1": 0.11061093247588424
    },
    "gitleaks": {
      "n_test": 300,
      "f1": 0.09674297852253952
    },
    "gretel_en": {
      "n_test": 1800,
      "f1": 0.08013316564763195
    },
    "nemotron": {
      "n_test": 1950,
      "f1": 0.25617193393481785
    },
    "secretbench": {
      "n_test": 300,
      "f1": 0.3333333333333333
    }
  }
}