{
  "primary": {
    "meta_f1": 0.9184533369456415,
    "live_f1": 0.8015749979756824,
    "delta": 0.11687833896995903,
    "ci_low": 0.09421613923750968,
    "ci_high": 0.13804843646760806,
    "ci_width": 0.04383229723009838,
    "mcnemar": {
      "statistic": 83.76737967914438,
      "pvalue": 0.0,
      "a_only": 276,
      "b_only": 98
    },
    "per_class_meta": [
      [
        "DATE_OF_BIRTH",
        0.5271317829457365,
        72
      ],
      [
        "PHONE",
        0.7692307692307693,
        72
      ],
      [
        "CREDENTIAL",
        0.8060836501901141,
        150
      ],
      [
        "DATE_OF_BIRTH_EU",
        0.8275862068965517,
        60
      ],
      [
        "NEGATIVE",
        0.8316831683168316,
        90
      ],
      [
        "PERSON_NAME",
        0.8435374149659864,
        72
      ],
      [
        "IP_ADDRESS",
        0.8732394366197183,
        72
      ],
      [
        "MAC_ADDRESS",
        0.8936170212765957,
        42
      ],
      [
        "URL",
        0.8947368421052632,
        42
      ],
      [
        "CANADIAN_SIN",
        0.9230769230769231,
        60
      ],
      [
        "ADDRESS",
        0.9466666666666667,
        72
      ],
      [
        "SSN",
        0.9640287769784173,
        72
      ],
      [
        "CREDIT_CARD",
        0.9655172413793104,
        42
      ],
      [
        "ABA_ROUTING",
        0.9767441860465116,
        42
      ],
      [
        "BITCOIN_ADDRESS",
        1.0,
        60
      ],
      [
        "DEA_NUMBER",
        1.0,
        60
      ],
      [
        "EIN",
        1.0,
        60
      ],
      [
        "EMAIL",
        1.0,
        72
      ],
      [
        "ETHEREUM_ADDRESS",
        1.0,
        60
      ],
      [
        "IBAN",
        1.0,
        60
      ],
      [
        "MBI",
        1.0,
        60
      ],
      [
        "NPI",
        1.0,
        60
      ],
      [
        "SWIFT_BIC",
        1.0,
        42
      ],
      [
        "VIN",
        1.0,
        60
      ]
    ],
    "per_class_live": [
      [
        "NEGATIVE",
        0.2857142857142857,
        90
      ],
      [
        "DATE_OF_BIRTH_EU",
        0.29213483146067415,
        60
      ],
      [
        "NPI",
        0.5882352941176471,
        60
      ],
      [
        "PERSON_NAME",
        0.6153846153846154,
        72
      ],
      [
        "DATE_OF_BIRTH",
        0.64,
        72
      ],
      [
        "ADDRESS",
        0.6415094339622641,
        72
      ],
      [
        "ABA_ROUTING",
        0.6666666666666666,
        42
      ],
      [
        "PHONE",
        0.7309644670050761,
        72
      ],
      [
        "CREDENTIAL",
        0.7728813559322034,
        150
      ],
      [
        "CREDIT_CARD",
        0.782608695652174,
        42
      ],
      [
        "SSN",
        0.7916666666666666,
        72
      ],
      [
        "URL",
        0.7924528301886793,
        42
      ],
      [
        "SWIFT_BIC",
        0.8484848484848485,
        42
      ],
      [
        "EMAIL",
        0.8834355828220859,
        72
      ],
      [
        "IP_ADDRESS",
        0.9056603773584906,
        72
      ],
      [
        "BITCOIN_ADDRESS",
        1.0,
        60
      ],
      [
        "CANADIAN_SIN",
        1.0,
        60
      ],
      [
        "DEA_NUMBER",
        1.0,
        60
      ],
      [
        "EIN",
        1.0,
        60
      ],
      [
        "ETHEREUM_ADDRESS",
        1.0,
        60
      ],
      [
        "IBAN",
        1.0,
        60
      ],
      [
        "MAC_ADDRESS",
        1.0,
        42
      ],
      [
        "MBI",
        1.0,
        60
      ],
      [
        "VIN",
        1.0,
        60
      ]
    ],
    "comparison": {
      "agree": 1133,
      "meta_improvement": 276,
      "live_better": 98,
      "both_wrong": 47
    }
  },
  "tertiary": {
    "meta_f1": 0.9091390405657257,
    "live_f1": 0.6517482659005992,
    "delta": 0.2573907746651265,
    "ci_low": 0.2279298631728979,
    "ci_high": 0.2837697833880234,
    "ci_width": 0.05583992021512549,
    "mcnemar": {
      "statistic": 117.80544747081711,
      "pvalue": 0.0,
      "a_only": 216,
      "b_only": 41
    },
    "comparison": {
      "agree": 501,
      "meta_improvement": 216,
      "live_better": 41,
      "both_wrong": 45
    },
    "n_blind": 803
  },
  "loco": {
    "ai4privacy": {
      "n_test": 1200,
      "f1": 0.2594707635677586
    },
    "nemotron": {
      "n_test": 1950,
      "f1": 0.35793817173970377
    }
  }
}