{
  "primary": {
    "meta_f1": 0.8511118698354961,
    "live_f1": 0.7705154296001507,
    "delta": 0.0805964402353454,
    "ci_low": 0.05877208248241248,
    "ci_high": 0.10298973267012738,
    "ci_width": 0.0442176501877149,
    "mcnemar": {
      "statistic": 46.003780718336486,
      "pvalue": 1.1802447907882652e-11,
      "a_only": 343,
      "b_only": 186
    },
    "per_class_meta": [
      [
        "PHONE",
        0.43137254901960786,
        72
      ],
      [
        "CANADIAN_SIN",
        0.47692307692307695,
        60
      ],
      [
        "DATE_OF_BIRTH_EU",
        0.5408805031446541,
        60
      ],
      [
        "DATE_OF_BIRTH",
        0.6935483870967742,
        72
      ],
      [
        "BANK_ACCOUNT",
        0.7073170731707317,
        30
      ],
      [
        "MAC_ADDRESS",
        0.7346938775510204,
        42
      ],
      [
        "NEGATIVE",
        0.8087431693989071,
        90
      ],
      [
        "IP_ADDRESS",
        0.8507462686567164,
        72
      ],
      [
        "CREDIT_CARD",
        0.8636363636363636,
        72
      ],
      [
        "SWIFT_BIC",
        0.8648648648648649,
        42
      ],
      [
        "URL",
        0.8831168831168831,
        42
      ],
      [
        "CREDENTIAL",
        0.8868778280542986,
        120
      ],
      [
        "IBAN",
        0.8888888888888888,
        60
      ],
      [
        "VIN",
        0.9139784946236559,
        90
      ],
      [
        "ADDRESS",
        0.92,
        72
      ],
      [
        "MBI",
        0.9230769230769231,
        60
      ],
      [
        "ABA_ROUTING",
        0.9343065693430657,
        72
      ],
      [
        "SSN",
        0.9361702127659575,
        72
      ],
      [
        "DEA_NUMBER",
        0.9448818897637795,
        60
      ],
      [
        "PERSON_NAME",
        0.9571428571428572,
        72
      ],
      [
        "HEALTH",
        0.967741935483871,
        30
      ],
      [
        "BITCOIN_ADDRESS",
        1.0,
        60
      ],
      [
        "EIN",
        1.0,
        60
      ],
      [
        "EMAIL",
        1.0,
        72
      ],
      [
        "ETHEREUM_ADDRESS",
        1.0,
        60
      ],
      [
        "NPI",
        1.0,
        60
      ]
    ],
    "per_class_live": [
      [
        "CREDENTIAL",
        0.0,
        120
      ],
      [
        "HEALTH",
        0.0,
        30
      ],
      [
        "NEGATIVE",
        0.3356643356643357,
        90
      ],
      [
        "DATE_OF_BIRTH_EU",
        0.4810126582278481,
        60
      ],
      [
        "NPI",
        0.631578947368421,
        60
      ],
      [
        "ABA_ROUTING",
        0.6415094339622641,
        72
      ],
      [
        "ADDRESS",
        0.6415094339622641,
        72
      ],
      [
        "PERSON_NAME",
        0.6909090909090909,
        72
      ],
      [
        "BANK_ACCOUNT",
        0.6956521739130435,
        30
      ],
      [
        "PHONE",
        0.7052631578947368,
        72
      ],
      [
        "DATE_OF_BIRTH",
        0.7783783783783784,
        72
      ],
      [
        "CREDIT_CARD",
        0.8571428571428571,
        72
      ],
      [
        "URL",
        0.865979381443299,
        42
      ],
      [
        "SSN",
        0.9032258064516129,
        72
      ],
      [
        "VIN",
        0.9156626506024096,
        90
      ],
      [
        "SWIFT_BIC",
        0.9333333333333333,
        42
      ],
      [
        "EMAIL",
        0.972972972972973,
        72
      ],
      [
        "CANADIAN_SIN",
        0.9836065573770492,
        60
      ],
      [
        "BITCOIN_ADDRESS",
        1.0,
        60
      ],
      [
        "DEA_NUMBER",
        1.0,
        60
      ],
      [
        "EIN",
        1.0,
        60
      ],
      [
        "ETHEREUM_ADDRESS",
        1.0,
        60
      ],
      [
        "IBAN",
        1.0,
        60
      ],
      [
        "IP_ADDRESS",
        1.0,
        72
      ],
      [
        "MAC_ADDRESS",
        1.0,
        42
      ],
      [
        "MBI",
        1.0,
        60
      ]
    ],
    "comparison": {
      "agree": 1086,
      "meta_improvement": 343,
      "live_better": 186,
      "both_wrong": 59
    }
  },
  "tertiary": {
    "meta_f1": 0.8819892240699837,
    "live_f1": 0.6387706429017727,
    "delta": 0.24321858116821105,
    "ci_low": 0.21618475728998876,
    "ci_high": 0.26810561146086576,
    "ci_width": 0.051920854170876996,
    "mcnemar": {
      "statistic": 111.00327868852459,
      "pvalue": 0.0,
      "a_only": 245,
      "b_only": 60
    },
    "comparison": {
      "agree": 503,
      "meta_improvement": 245,
      "live_better": 60,
      "both_wrong": 40
    },
    "n_blind": 848
  },
  "loco": {
    "detect_secrets": {
      "n_test": 300,
      "f1": 0.11061093247588424
    },
    "gitleaks": {
      "n_test": 300,
      "f1": 0.07449392712550607
    },
    "gretel_en": {
      "n_test": 1800,
      "f1": 0.0822984390703237
    },
    "nemotron": {
      "n_test": 1950,
      "f1": 0.2721587252792343
    },
    "secretbench": {
      "n_test": 300,
      "f1": 0.3333333333333333
    }
  }
}