{
  "primary": {
    "meta_f1": 0.928879616012671,
    "live_f1": 0.8356866330078402,
    "delta": 0.09319298300483081,
    "ci_low": 0.07384530739220481,
    "ci_high": 0.11122916357200349,
    "ci_width": 0.03738385617979868,
    "mcnemar": {
      "statistic": 67.98340248962656,
      "pvalue": 1.1102230246251565e-16,
      "a_only": 185,
      "b_only": 56
    },
    "per_class_meta": [
      [
        "DATE_OF_BIRTH_EU",
        0.6862745098039216,
        60
      ],
      [
        "CANADIAN_SIN",
        0.7448275862068966,
        60
      ],
      [
        "CREDENTIAL",
        0.7941176470588235,
        150
      ],
      [
        "NEGATIVE",
        0.7979274611398963,
        90
      ],
      [
        "DATE_OF_BIRTH",
        0.8,
        72
      ],
      [
        "IP_ADDRESS",
        0.8794326241134752,
        72
      ],
      [
        "URL",
        0.8974358974358975,
        42
      ],
      [
        "MAC_ADDRESS",
        0.9032258064516129,
        42
      ],
      [
        "PERSON_NAME",
        0.9403973509933775,
        72
      ],
      [
        "ADDRESS",
        0.9459459459459459,
        72
      ],
      [
        "PHONE",
        0.9517241379310345,
        72
      ],
      [
        "SSN",
        0.971830985915493,
        72
      ],
      [
        "ABA_ROUTING",
        0.9882352941176471,
        42
      ],
      [
        "IBAN",
        0.9917355371900827,
        60
      ],
      [
        "BITCOIN_ADDRESS",
        1.0,
        60
      ],
      [
        "CREDIT_CARD",
        1.0,
        42
      ],
      [
        "DEA_NUMBER",
        1.0,
        60
      ],
      [
        "EIN",
        1.0,
        60
      ],
      [
        "EMAIL",
        1.0,
        72
      ],
      [
        "ETHEREUM_ADDRESS",
        1.0,
        60
      ],
      [
        "MBI",
        1.0,
        60
      ],
      [
        "NPI",
        1.0,
        60
      ],
      [
        "SWIFT_BIC",
        1.0,
        42
      ],
      [
        "VIN",
        1.0,
        60
      ]
    ],
    "per_class_live": [
      [
        "DATE_OF_BIRTH_EU",
        0.35555555555555557,
        60
      ],
      [
        "NEGATIVE",
        0.3973509933774834,
        90
      ],
      [
        "NPI",
        0.5882352941176471,
        60
      ],
      [
        "DATE_OF_BIRTH",
        0.625,
        72
      ],
      [
        "ABA_ROUTING",
        0.6666666666666666,
        42
      ],
      [
        "SSN",
        0.7571428571428571,
        72
      ],
      [
        "PHONE",
        0.7634408602150538,
        72
      ],
      [
        "CREDENTIAL",
        0.7687074829931972,
        150
      ],
      [
        "CREDIT_CARD",
        0.782608695652174,
        42
      ],
      [
        "URL",
        0.7924528301886793,
        42
      ],
      [
        "SWIFT_BIC",
        0.865979381443299,
        42
      ],
      [
        "EMAIL",
        0.8944099378881988,
        72
      ],
      [
        "IP_ADDRESS",
        0.9113924050632911,
        72
      ],
      [
        "PERSON_NAME",
        0.927536231884058,
        72
      ],
      [
        "ADDRESS",
        0.96,
        72
      ],
      [
        "BITCOIN_ADDRESS",
        1.0,
        60
      ],
      [
        "CANADIAN_SIN",
        1.0,
        60
      ],
      [
        "DEA_NUMBER",
        1.0,
        60
      ],
      [
        "EIN",
        1.0,
        60
      ],
      [
        "ETHEREUM_ADDRESS",
        1.0,
        60
      ],
      [
        "IBAN",
        1.0,
        60
      ],
      [
        "MAC_ADDRESS",
        1.0,
        42
      ],
      [
        "MBI",
        1.0,
        60
      ],
      [
        "VIN",
        1.0,
        60
      ]
    ],
    "comparison": {
      "agree": 1241,
      "meta_improvement": 185,
      "live_better": 56,
      "both_wrong": 72
    }
  },
  "tertiary": {
    "meta_f1": 0.9253473415876649,
    "live_f1": 0.7346308319145859,
    "delta": 0.19071650967307896,
    "ci_low": 0.16208034405627708,
    "ci_high": 0.21620314331978568,
    "ci_width": 0.0541227992635086,
    "mcnemar": {
      "statistic": 76.13440860215054,
      "pvalue": 0.0,
      "a_only": 153,
      "b_only": 33
    },
    "comparison": {
      "agree": 575,
      "meta_improvement": 153,
      "live_better": 33,
      "both_wrong": 42
    },
    "n_blind": 803
  },
  "loco": {
    "ai4privacy": {
      "n_test": 1200,
      "f1": 0.18246326802576882
    },
    "nemotron": {
      "n_test": 1950,
      "f1": 0.37277020989849763
    }
  }
}